{"training_512": {"means": {"UNet_vanilla": {"final_train_loss_mean": 80.18064419428508, "final_val_loss_mean": 13.13555105527242}, "AttenUNet": {"final_train_loss_mean": 82.78016591072083, "final_val_loss_mean": 13.040874242782593}, "UNet_fusion": {"final_train_loss_mean": 82.61102120081584, "final_val_loss_mean": 13.817741950352987}, "AttenUNet_fusion": {"final_train_loss_mean": 82.79442278544109, "final_val_loss_mean": 13.685500542322794}, "UNetpp_vanilla": {"final_train_loss_mean": 83.12955053647359, "final_val_loss_mean": 13.350367863972982}, "UNetpp_fusion": {"final_train_loss_mean": 83.00640916824341, "final_val_loss_mean": 13.263586044311523}, "AttenUNetpp": {"final_train_loss_mean": 82.13208373387654, "final_val_loss_mean": 13.590534448623657}, "AttenUNetpp_fusion": {"final_train_loss_mean": 83.75976888338725, "final_val_loss_mean": 13.594162782033285}, "WNetpp_vanilla": {"final_train_loss_mean": 83.69019301732381, "final_val_loss_mean": 13.595463355382284}, "WNetpp_fusion": {"final_train_loss_mean": 83.40648492177327, "final_val_loss_mean": 13.521772225697836}, "WNetpp_att": {"final_train_loss_mean": 86.32484738032024, "final_val_loss_mean": 13.859788497289022}, "WNetpp_att_fusion": {"final_train_loss_mean": 84.66023810704549, "final_val_loss_mean": 13.716172536214193}, "U3UNet": {"final_train_loss_mean": 84.16204444567363, "final_val_loss_mean": 13.363908131917318}}, "stderrs": {"UNet_vanilla": {"final_train_loss_mean": 0.0733120698779242, "final_val_loss_mean": 0.07573956981459522}, "AttenUNet": {"final_train_loss_mean": 0.7028266937060527, "final_val_loss_mean": 0.08372077266100834}, "UNet_fusion": {"final_train_loss_mean": 0.2000004349072584, "final_val_loss_mean": 0.04909806241573464}, "AttenUNet_fusion": {"final_train_loss_mean": 0.3258591143700449, "final_val_loss_mean": 0.11909120647421202}, "UNetpp_vanilla": {"final_train_loss_mean": 0.3482952036793056, "final_val_loss_mean": 0.17416820374882777}, "UNetpp_fusion": {"final_train_loss_mean": 0.7280339895674272, "final_val_loss_mean": 0.010101687875403225}, "AttenUNetpp": {"final_train_loss_mean": 0.42747139643896853, "final_val_loss_mean": 0.06194259185857023}, "AttenUNetpp_fusion": {"final_train_loss_mean": 0.3656634141259369, "final_val_loss_mean": 0.13750371732394062}, "WNetpp_vanilla": {"final_train_loss_mean": 0.3590566067797083, "final_val_loss_mean": 0.1678801491962323}, "WNetpp_fusion": {"final_train_loss_mean": 0.3192319726441041, "final_val_loss_mean": 0.0707750957562577}, "WNetpp_att": {"final_train_loss_mean": 0.19535868154032998, "final_val_loss_mean": 0.2140114048166233}, "WNetpp_att_fusion": {"final_train_loss_mean": 0.44144285462447036, "final_val_loss_mean": 0.10370379369287826}, "U3UNet": {"final_train_loss_mean": 0.4423252850594584, "final_val_loss_mean": 0.022069031600978853}}, "final_info_dict": {"UNet_vanilla": [{"final_train_loss": 80.30687117576599, "final_val_loss": 12.884285926818848}, {"final_train_loss": 79.87134385108948, "final_val_loss": 13.087713479995728}, {"final_train_loss": 80.36371755599976, "final_val_loss": 13.434653759002686}], "AttenUNet": [{"final_train_loss": 85.70843052864075, "final_val_loss": 13.394740104675293}, {"final_train_loss": 81.8033549785614, "final_val_loss": 12.83733344078064}, {"final_train_loss": 80.82871222496033, "final_val_loss": 12.890549182891846}], "UNet_fusion": [{"final_train_loss": 82.20002627372742, "final_val_loss": 14.018041610717773}, {"final_train_loss": 83.45941424369812, "final_val_loss": 13.668060302734375}, {"final_train_loss": 82.17362308502197, "final_val_loss": 13.767123937606812}], "AttenUNet_fusion": [{"final_train_loss": 84.06526255607605, "final_val_loss": 14.039366722106934}, {"final_train_loss": 81.68761038780212, "final_val_loss": 13.820898532867432}, {"final_train_loss": 82.63039541244507, "final_val_loss": 13.196236371994019}], "UNetpp_vanilla": [{"final_train_loss": 84.60164260864258, "final_val_loss": 13.939042568206787}, {"final_train_loss": 82.2822048664093, "final_val_loss": 12.66923189163208}, {"final_train_loss": 82.5048041343689, "final_val_loss": 13.442829132080078}], "UNetpp_fusion": [{"final_train_loss": 85.89100074768066, "final_val_loss": 13.28554916381836}, {"final_train_loss": 80.60766124725342, "final_val_loss": 13.220732688903809}, {"final_train_loss": 82.52056550979614, "final_val_loss": 13.284476280212402}], "AttenUNetpp": [{"final_train_loss": 81.17047166824341, "final_val_loss": 13.851801633834839}, {"final_train_loss": 81.28121566772461, "final_val_loss": 13.435354232788086}, {"final_train_loss": 83.94456386566162, "final_val_loss": 13.484447479248047}], "AttenUNetpp_fusion": [{"final_train_loss": 82.98349094390869, "final_val_loss": 13.084033489227295}, {"final_train_loss": 82.98466849327087, "final_val_loss": 13.604126930236816}, {"final_train_loss": 85.31114721298218, "final_val_loss": 14.094327926635742}], "WNetpp_vanilla": [{"final_train_loss": 82.73083019256592, "final_val_loss": 13.179646492004395}, {"final_train_loss": 83.14510154724121, "final_val_loss": 13.30256962776184}, {"final_train_loss": 85.1946473121643, "final_val_loss": 14.304173946380615}], "WNetpp_fusion": [{"final_train_loss": 82.24253559112549, "final_val_loss": 13.774320602416992}, {"final_train_loss": 84.58820009231567, "final_val_loss": 13.536166191101074}, {"final_train_loss": 83.38871908187866, "final_val_loss": 13.25482988357544}], "WNetpp_att": [{"final_train_loss": 85.53418779373169, "final_val_loss": 13.020769357681274}, {"final_train_loss": 86.93551588058472, "final_val_loss": 14.579875946044922}, {"final_train_loss": 86.50483846664429, "final_val_loss": 13.97872018814087}], "WNetpp_att_fusion": [{"final_train_loss": 82.85220694541931, "final_val_loss": 13.474454164505005}, {"final_train_loss": 85.14112639427185, "final_val_loss": 14.155409812927246}, {"final_train_loss": 85.98738098144531, "final_val_loss": 13.518653631210327}], "U3UNet": [{"final_train_loss": 84.95677781105042, "final_val_loss": 13.437839031219482}, {"final_train_loss": 85.23695373535156, "final_val_loss": 13.376699447631836}, {"final_train_loss": 82.2924017906189, "final_val_loss": 13.277185916900635}]}}}