{"UNet_vanilla": {"final_train_loss": 80.30687117576599, "final_val_loss": 12.884285926818848}, "AttenUNet": {"final_train_loss": 85.70843052864075, "final_val_loss": 13.394740104675293}, "UNet_fusion": {"final_train_loss": 82.20002627372742, "final_val_loss": 14.018041610717773}, "AttenUNet_fusion": {"final_train_loss": 84.06526255607605, "final_val_loss": 14.039366722106934}, "UNetpp_vanilla": {"final_train_loss": 84.60164260864258, "final_val_loss": 13.939042568206787}, "UNetpp_fusion": {"final_train_loss": 85.89100074768066, "final_val_loss": 13.28554916381836}, "AttenUNetpp": {"final_train_loss": 81.17047166824341, "final_val_loss": 13.851801633834839}, "AttenUNetpp_fusion": {"final_train_loss": 82.98349094390869, "final_val_loss": 13.084033489227295}, "WNetpp_vanilla": {"final_train_loss": 82.73083019256592, "final_val_loss": 13.179646492004395}, "WNetpp_fusion": {"final_train_loss": 82.24253559112549, "final_val_loss": 13.774320602416992}, "WNetpp_att": {"final_train_loss": 85.53418779373169, "final_val_loss": 13.020769357681274}, "WNetpp_att_fusion": {"final_train_loss": 82.85220694541931, "final_val_loss": 13.474454164505005}, "U3UNet": {"final_train_loss": 84.95677781105042, "final_val_loss": 13.437839031219482}}