{"UNet_vanilla": {"final_train_loss": 79.87134385108948, "final_val_loss": 13.087713479995728}, "AttenUNet": {"final_train_loss": 81.8033549785614, "final_val_loss": 12.83733344078064}, "UNet_fusion": {"final_train_loss": 83.45941424369812, "final_val_loss": 13.668060302734375}, "AttenUNet_fusion": {"final_train_loss": 81.68761038780212, "final_val_loss": 13.820898532867432}, "UNetpp_vanilla": {"final_train_loss": 82.2822048664093, "final_val_loss": 12.66923189163208}, "UNetpp_fusion": {"final_train_loss": 80.60766124725342, "final_val_loss": 13.220732688903809}, "AttenUNetpp": {"final_train_loss": 81.28121566772461, "final_val_loss": 13.435354232788086}, "AttenUNetpp_fusion": {"final_train_loss": 82.98466849327087, "final_val_loss": 13.604126930236816}, "WNetpp_vanilla": {"final_train_loss": 83.14510154724121, "final_val_loss": 13.30256962776184}, "WNetpp_fusion": {"final_train_loss": 84.58820009231567, "final_val_loss": 13.536166191101074}, "WNetpp_att": {"final_train_loss": 86.93551588058472, "final_val_loss": 14.579875946044922}, "WNetpp_att_fusion": {"final_train_loss": 85.14112639427185, "final_val_loss": 14.155409812927246}, "U3UNet": {"final_train_loss": 85.23695373535156, "final_val_loss": 13.376699447631836}}