{"UNet_vanilla": {"final_train_loss": 80.36371755599976, "final_val_loss": 13.434653759002686}, "AttenUNet": {"final_train_loss": 80.82871222496033, "final_val_loss": 12.890549182891846}, "UNet_fusion": {"final_train_loss": 82.17362308502197, "final_val_loss": 13.767123937606812}, "AttenUNet_fusion": {"final_train_loss": 82.63039541244507, "final_val_loss": 13.196236371994019}, "UNetpp_vanilla": {"final_train_loss": 82.5048041343689, "final_val_loss": 13.442829132080078}, "UNetpp_fusion": {"final_train_loss": 82.52056550979614, "final_val_loss": 13.284476280212402}, "AttenUNetpp": {"final_train_loss": 83.94456386566162, "final_val_loss": 13.484447479248047}, "AttenUNetpp_fusion": {"final_train_loss": 85.31114721298218, "final_val_loss": 14.094327926635742}, "WNetpp_vanilla": {"final_train_loss": 85.1946473121643, "final_val_loss": 14.304173946380615}, "WNetpp_fusion": {"final_train_loss": 83.38871908187866, "final_val_loss": 13.25482988357544}, "WNetpp_att": {"final_train_loss": 86.50483846664429, "final_val_loss": 13.97872018814087}, "WNetpp_att_fusion": {"final_train_loss": 85.98738098144531, "final_val_loss": 13.518653631210327}, "U3UNet": {"final_train_loss": 82.2924017906189, "final_val_loss": 13.277185916900635}}